Algorytm;Rozmiar;Repetycje;Iteracje_RAND;Koszt;Optimum;Blad_wzgledny_%;Czas_us
RAND;5;100;1000000;133;133;0.00;59806
RAND;5;100;1000000;133;133;0.00;59126
RAND;5;100;1000000;133;133;0.00;59038
RAND;5;100;1000000;133;133;0.00;59068
RAND;5;100;1000000;133;133;0.00;50695
RAND;5;100;1000000;133;133;0.00;36914
RAND;5;100;1000000;133;133;0.00;36990
RAND;5;100;1000000;133;133;0.00;37036
RAND;5;100;1000000;133;133;0.00;36966
RAND;5;100;1000000;133;133;0.00;36887
RAND;5;100;1000000;133;133;0.00;36942
RAND;5;100;1000000;133;133;0.00;36932
RAND;5;100;1000000;133;133;0.00;36887
RAND;5;100;1000000;133;133;0.00;37054
RAND;5;100;1000000;133;133;0.00;36918
RAND;5;100;1000000;133;133;0.00;36863
RAND;5;100;1000000;133;133;0.00;36926
RAND;5;100;1000000;133;133;0.00;36931
RAND;5;100;1000000;133;133;0.00;36924
RAND;5;100;1000000;133;133;0.00;36892
RAND;5;100;1000000;133;133;0.00;36907
RAND;5;100;1000000;133;133;0.00;36907
RAND;5;100;1000000;133;133;0.00;36897
RAND;5;100;1000000;133;133;0.00;36928
RAND;5;100;1000000;133;133;0.00;36921
RAND;5;100;1000000;133;133;0.00;36895
RAND;5;100;1000000;133;133;0.00;36941
RAND;5;100;1000000;133;133;0.00;36898
RAND;5;100;1000000;133;133;0.00;36884
RAND;5;100;1000000;133;133;0.00;37131
RAND;5;100;1000000;133;133;0.00;36927
RAND;5;100;1000000;133;133;0.00;36954
RAND;5;100;1000000;133;133;0.00;36883
RAND;5;100;1000000;133;133;0.00;36890
RAND;5;100;1000000;133;133;0.00;36906
RAND;5;100;1000000;133;133;0.00;36913
RAND;5;100;1000000;133;133;0.00;37093
RAND;5;100;1000000;133;133;0.00;36870
RAND;5;100;1000000;133;133;0.00;37170
RAND;5;100;1000000;133;133;0.00;36957
RAND;5;100;1000000;133;133;0.00;37173
RAND;5;100;1000000;133;133;0.00;36880
RAND;5;100;1000000;133;133;0.00;36899
RAND;5;100;1000000;133;133;0.00;36728
RAND;5;100;1000000;133;133;0.00;37160
RAND;5;100;1000000;133;133;0.00;37361
RAND;5;100;1000000;133;133;0.00;36940
RAND;5;100;1000000;133;133;0.00;36921
RAND;5;100;1000000;133;133;0.00;36909
RAND;5;100;1000000;133;133;0.00;36899
RAND;5;100;1000000;133;133;0.00;36929
RAND;5;100;1000000;133;133;0.00;37037
RAND;5;100;1000000;133;133;0.00;36932
RAND;5;100;1000000;133;133;0.00;36945
RAND;5;100;1000000;133;133;0.00;37980
RAND;5;100;1000000;133;133;0.00;36410
RAND;5;100;1000000;133;133;0.00;36411
RAND;5;100;1000000;133;133;0.00;36388
RAND;5;100;1000000;133;133;0.00;36386
RAND;5;100;1000000;133;133;0.00;36386
RAND;5;100;1000000;133;133;0.00;36461
RAND;5;100;1000000;133;133;0.00;36354
RAND;5;100;1000000;133;133;0.00;36488
RAND;5;100;1000000;133;133;0.00;36434
RAND;5;100;1000000;133;133;0.00;36452
RAND;5;100;1000000;133;133;0.00;37150
RAND;5;100;1000000;133;133;0.00;36389
RAND;5;100;1000000;133;133;0.00;36972
RAND;5;100;1000000;133;133;0.00;36654
RAND;5;100;1000000;133;133;0.00;36916
RAND;5;100;1000000;133;133;0.00;36816
RAND;5;100;1000000;133;133;0.00;36588
RAND;5;100;1000000;133;133;0.00;37176
RAND;5;100;1000000;133;133;0.00;37098
RAND;5;100;1000000;133;133;0.00;36436
RAND;5;100;1000000;133;133;0.00;37268
RAND;5;100;1000000;133;133;0.00;37151
RAND;5;100;1000000;133;133;0.00;36428
RAND;5;100;1000000;133;133;0.00;37680
RAND;5;100;1000000;133;133;0.00;37181
RAND;5;100;1000000;133;133;0.00;37241
RAND;5;100;1000000;133;133;0.00;37123
RAND;5;100;1000000;133;133;0.00;36762
RAND;5;100;1000000;133;133;0.00;37310
RAND;5;100;1000000;133;133;0.00;36496
RAND;5;100;1000000;133;133;0.00;36605
RAND;5;100;1000000;133;133;0.00;37914
RAND;5;100;1000000;133;133;0.00;37020
RAND;5;100;1000000;133;133;0.00;36755
RAND;5;100;1000000;133;133;0.00;36555
RAND;5;100;1000000;133;133;0.00;37612
RAND;5;100;1000000;133;133;0.00;37874
RAND;5;100;1000000;133;133;0.00;37314
RAND;5;100;1000000;133;133;0.00;37383
RAND;5;100;1000000;133;133;0.00;36924
RAND;5;100;1000000;133;133;0.00;36837
RAND;5;100;1000000;133;133;0.00;36565
RAND;5;100;1000000;133;133;0.00;36548
RAND;5;100;1000000;133;133;0.00;36727
RAND;5;100;1000000;133;133;0.00;37152
RAND;6;100;1000000;150;150;0.00;67020
RAND;6;100;1000000;150;150;0.00;66905
RAND;6;100;1000000;150;150;0.00;66471
RAND;6;100;1000000;150;150;0.00;65549
RAND;6;100;1000000;150;150;0.00;44770
RAND;6;100;1000000;150;150;0.00;41373
RAND;6;100;1000000;150;150;0.00;41554
RAND;6;100;1000000;150;150;0.00;41779
RAND;6;100;1000000;150;150;0.00;42083
RAND;6;100;1000000;150;150;0.00;41813
RAND;6;100;1000000;150;150;0.00;41286
RAND;6;100;1000000;150;150;0.00;42290
RAND;6;100;1000000;150;150;0.00;42574
RAND;6;100;1000000;150;150;0.00;42169
RAND;6;100;1000000;150;150;0.00;42242
RAND;6;100;1000000;150;150;0.00;42104
RAND;6;100;1000000;150;150;0.00;42339
RAND;6;100;1000000;150;150;0.00;42140
RAND;6;100;1000000;150;150;0.00;41758
RAND;6;100;1000000;150;150;0.00;41775
RAND;6;100;1000000;150;150;0.00;42378
RAND;6;100;1000000;150;150;0.00;41865
RAND;6;100;1000000;150;150;0.00;41879
RAND;6;100;1000000;150;150;0.00;41634
RAND;6;100;1000000;150;150;0.00;41957
RAND;6;100;1000000;150;150;0.00;41891
RAND;6;100;1000000;150;150;0.00;42849
RAND;6;100;1000000;150;150;0.00;42216
RAND;6;100;1000000;150;150;0.00;42564
RAND;6;100;1000000;150;150;0.00;42385
RAND;6;100;1000000;150;150;0.00;41780
RAND;6;100;1000000;150;150;0.00;42391
RAND;6;100;1000000;150;150;0.00;41664
RAND;6;100;1000000;150;150;0.00;42153
RAND;6;100;1000000;150;150;0.00;42101
RAND;6;100;1000000;150;150;0.00;42554
RAND;6;100;1000000;150;150;0.00;42083
RAND;6;100;1000000;150;150;0.00;42185
RAND;6;100;1000000;150;150;0.00;42134
RAND;6;100;1000000;150;150;0.00;42155
RAND;6;100;1000000;150;150;0.00;43354
RAND;6;100;1000000;150;150;0.00;41706
RAND;6;100;1000000;150;150;0.00;42268
RAND;6;100;1000000;150;150;0.00;41961
RAND;6;100;1000000;150;150;0.00;42233
RAND;6;100;1000000;150;150;0.00;42119
RAND;6;100;1000000;150;150;0.00;41793
RAND;6;100;1000000;150;150;0.00;41800
RAND;6;100;1000000;150;150;0.00;42065
RAND;6;100;1000000;150;150;0.00;42102
RAND;6;100;1000000;150;150;0.00;42229
RAND;6;100;1000000;150;150;0.00;41719
RAND;6;100;1000000;150;150;0.00;42849
RAND;6;100;1000000;150;150;0.00;42493
RAND;6;100;1000000;150;150;0.00;42727
RAND;6;100;1000000;150;150;0.00;42025
RAND;6;100;1000000;150;150;0.00;42319
RAND;6;100;1000000;150;150;0.00;42545
RAND;6;100;1000000;150;150;0.00;41963
RAND;6;100;1000000;150;150;0.00;42284
RAND;6;100;1000000;150;150;0.00;42567
RAND;6;100;1000000;150;150;0.00;42548
RAND;6;100;1000000;150;150;0.00;42316
RAND;6;100;1000000;150;150;0.00;42176
RAND;6;100;1000000;150;150;0.00;41949
RAND;6;100;1000000;150;150;0.00;41946
RAND;6;100;1000000;150;150;0.00;42355
RAND;6;100;1000000;150;150;0.00;42172
RAND;6;100;1000000;150;150;0.00;42676
RAND;6;100;1000000;150;150;0.00;42713
RAND;6;100;1000000;150;150;0.00;41976
RAND;6;100;1000000;150;150;0.00;41885
RAND;6;100;1000000;150;150;0.00;41830
RAND;6;100;1000000;150;150;0.00;43287
RAND;6;100;1000000;150;150;0.00;42450
RAND;6;100;1000000;150;150;0.00;42764
RAND;6;100;1000000;150;150;0.00;42425
RAND;6;100;1000000;150;150;0.00;42294
RAND;6;100;1000000;150;150;0.00;42197
RAND;6;100;1000000;150;150;0.00;42075
RAND;6;100;1000000;150;150;0.00;42229
RAND;6;100;1000000;150;150;0.00;42273
RAND;6;100;1000000;150;150;0.00;42459
RAND;6;100;1000000;150;150;0.00;42375
RAND;6;100;1000000;150;150;0.00;41923
RAND;6;100;1000000;150;150;0.00;42212
RAND;6;100;1000000;150;150;0.00;42125
RAND;6;100;1000000;150;150;0.00;42369
RAND;6;100;1000000;150;150;0.00;42236
RAND;6;100;1000000;150;150;0.00;42104
RAND;6;100;1000000;150;150;0.00;42142
RAND;6;100;1000000;150;150;0.00;42193
RAND;6;100;1000000;150;150;0.00;41673
RAND;6;100;1000000;150;150;0.00;42590
RAND;6;100;1000000;150;150;0.00;42729
RAND;6;100;1000000;150;150;0.00;42417
RAND;6;100;1000000;150;150;0.00;42043
RAND;6;100;1000000;150;150;0.00;43116
RAND;6;100;1000000;150;150;0.00;42538
RAND;6;100;1000000;150;150;0.00;42341
RAND;7;100;1000000;181;181;0.00;79244
RAND;7;100;1000000;181;181;0.00;79017
RAND;7;100;1000000;181;181;0.00;79010
RAND;7;100;1000000;181;181;0.00;62831
RAND;7;100;1000000;181;181;0.00;49921
RAND;7;100;1000000;181;181;0.00;49457
RAND;7;100;1000000;181;181;0.00;48662
RAND;7;100;1000000;181;181;0.00;49294
RAND;7;100;1000000;181;181;0.00;48896
RAND;7;100;1000000;181;181;0.00;49581
RAND;7;100;1000000;181;181;0.00;49898
RAND;7;100;1000000;181;181;0.00;49373
RAND;7;100;1000000;181;181;0.00;49392
RAND;7;100;1000000;181;181;0.00;49357
RAND;7;100;1000000;181;181;0.00;49399
RAND;7;100;1000000;181;181;0.00;49368
RAND;7;100;1000000;181;181;0.00;48862
RAND;7;100;1000000;181;181;0.00;49354
RAND;7;100;1000000;181;181;0.00;49424
RAND;7;100;1000000;181;181;0.00;49266
RAND;7;100;1000000;181;181;0.00;49112
RAND;7;100;1000000;181;181;0.00;49367
RAND;7;100;1000000;181;181;0.00;50512
RAND;7;100;1000000;181;181;0.00;49507
RAND;7;100;1000000;181;181;0.00;49637
RAND;7;100;1000000;181;181;0.00;49374
RAND;7;100;1000000;181;181;0.00;48956
RAND;7;100;1000000;181;181;0.00;49577
RAND;7;100;1000000;181;181;0.00;49406
RAND;7;100;1000000;181;181;0.00;49431
RAND;7;100;1000000;181;181;0.00;49030
RAND;7;100;1000000;181;181;0.00;49547
RAND;7;100;1000000;181;181;0.00;49482
RAND;7;100;1000000;181;181;0.00;49674
RAND;7;100;1000000;181;181;0.00;50174
RAND;7;100;1000000;181;181;0.00;49369
RAND;7;100;1000000;181;181;0.00;49155
RAND;7;100;1000000;181;181;0.00;49277
RAND;7;100;1000000;181;181;0.00;49390
RAND;7;100;1000000;181;181;0.00;49212
RAND;7;100;1000000;181;181;0.00;49018
RAND;7;100;1000000;181;181;0.00;49282
RAND;7;100;1000000;181;181;0.00;49442
RAND;7;100;1000000;181;181;0.00;49422
RAND;7;100;1000000;181;181;0.00;49223
RAND;7;100;1000000;181;181;0.00;49184
RAND;7;100;1000000;181;181;0.00;49720
RAND;7;100;1000000;181;181;0.00;49373
RAND;7;100;1000000;181;181;0.00;49370
RAND;7;100;1000000;181;181;0.00;49333
RAND;7;100;1000000;181;181;0.00;49347
RAND;7;100;1000000;181;181;0.00;48862
RAND;7;100;1000000;181;181;0.00;49728
RAND;7;100;1000000;181;181;0.00;49808
RAND;7;100;1000000;181;181;0.00;49184
RAND;7;100;1000000;181;181;0.00;49662
RAND;7;100;1000000;181;181;0.00;49110
RAND;7;100;1000000;181;181;0.00;49205
RAND;7;100;1000000;181;181;0.00;49897
RAND;7;100;1000000;181;181;0.00;49620
RAND;7;100;1000000;181;181;0.00;49370
RAND;7;100;1000000;181;181;0.00;48966
RAND;7;100;1000000;181;181;0.00;49176
RAND;7;100;1000000;181;181;0.00;49436
RAND;7;100;1000000;181;181;0.00;49262
RAND;7;100;1000000;181;181;0.00;49895
RAND;7;100;1000000;181;181;0.00;49346
RAND;7;100;1000000;181;181;0.00;49563
RAND;7;100;1000000;181;181;0.00;49367
RAND;7;100;1000000;181;181;0.00;49179
RAND;7;100;1000000;181;181;0.00;49679
RAND;7;100;1000000;181;181;0.00;49802
RAND;7;100;1000000;181;181;0.00;49450
RAND;7;100;1000000;181;181;0.00;48796
RAND;7;100;1000000;181;181;0.00;49477
RAND;7;100;1000000;181;181;0.00;49803
RAND;7;100;1000000;181;181;0.00;49402
RAND;7;100;1000000;181;181;0.00;49106
RAND;7;100;1000000;181;181;0.00;49520
RAND;7;100;1000000;181;181;0.00;49760
RAND;7;100;1000000;181;181;0.00;49369
RAND;7;100;1000000;181;181;0.00;49518
RAND;7;100;1000000;181;181;0.00;49461
RAND;7;100;1000000;181;181;0.00;49418
RAND;7;100;1000000;181;181;0.00;49346
RAND;7;100;1000000;181;181;0.00;49375
RAND;7;100;1000000;181;181;0.00;49418
RAND;7;100;1000000;181;181;0.00;49354
RAND;7;100;1000000;181;181;0.00;49376
RAND;7;100;1000000;181;181;0.00;48980
RAND;7;100;1000000;181;181;0.00;49295
RAND;7;100;1000000;181;181;0.00;49004
RAND;7;100;1000000;181;181;0.00;49008
RAND;7;100;1000000;181;181;0.00;49323
RAND;7;100;1000000;181;181;0.00;49315
RAND;7;100;1000000;181;181;0.00;50486
RAND;7;100;1000000;181;181;0.00;49134
RAND;7;100;1000000;181;181;0.00;49817
RAND;7;100;1000000;181;181;0.00;49426
RAND;7;100;1000000;181;181;0.00;48816
RAND;8;100;1000000;136;136;0.00;87471
RAND;8;100;1000000;136;136;0.00;87006
RAND;8;100;1000000;136;136;0.00;87225
RAND;8;100;1000000;136;136;0.00;59604
RAND;8;100;1000000;136;136;0.00;53961
RAND;8;100;1000000;136;136;0.00;53714
RAND;8;100;1000000;136;136;0.00;53997
RAND;8;100;1000000;136;136;0.00;54835
RAND;8;100;1000000;136;136;0.00;53907
RAND;8;100;1000000;136;136;0.00;54795
RAND;8;100;1000000;136;136;0.00;53901
RAND;8;100;1000000;136;136;0.00;54158
RAND;8;100;1000000;136;136;0.00;53761
RAND;8;100;1000000;136;136;0.00;53859
RAND;8;100;1000000;136;136;0.00;54242
RAND;8;100;1000000;136;136;0.00;54839
RAND;8;100;1000000;136;136;0.00;54167
RAND;8;100;1000000;136;136;0.00;54195
RAND;8;100;1000000;136;136;0.00;54309
RAND;8;100;1000000;136;136;0.00;54064
RAND;8;100;1000000;136;136;0.00;55191
RAND;8;100;1000000;136;136;0.00;54270
RAND;8;100;1000000;136;136;0.00;54022
RAND;8;100;1000000;136;136;0.00;54044
RAND;8;100;1000000;136;136;0.00;54096
RAND;8;100;1000000;136;136;0.00;54169
RAND;8;100;1000000;136;136;0.00;54758
RAND;8;100;1000000;136;136;0.00;54931
RAND;8;100;1000000;136;136;0.00;55366
RAND;8;100;1000000;136;136;0.00;54529
RAND;8;100;1000000;136;136;0.00;54535
RAND;8;100;1000000;136;136;0.00;54750
RAND;8;100;1000000;136;136;0.00;54529
RAND;8;100;1000000;136;136;0.00;54665
RAND;8;100;1000000;136;136;0.00;55164
RAND;8;100;1000000;136;136;0.00;56270
RAND;8;100;1000000;136;136;0.00;55621
RAND;8;100;1000000;136;136;0.00;54535
RAND;8;100;1000000;136;136;0.00;54030
RAND;8;100;1000000;136;136;0.00;55124
RAND;8;100;1000000;136;136;0.00;54754
RAND;8;100;1000000;136;136;0.00;54519
RAND;8;100;1000000;136;136;0.00;55178
RAND;8;100;1000000;136;136;0.00;54538
RAND;8;100;1000000;136;136;0.00;54698
RAND;8;100;1000000;136;136;0.00;54558
RAND;8;100;1000000;136;136;0.00;55206
RAND;8;100;1000000;136;136;0.00;54858
RAND;8;100;1000000;136;136;0.00;53912
RAND;8;100;1000000;136;136;0.00;54531
RAND;8;100;1000000;136;136;0.00;55145
RAND;8;100;1000000;136;136;0.00;54489
RAND;8;100;1000000;136;136;0.00;54940
RAND;8;100;1000000;136;136;0.00;55770
RAND;8;100;1000000;136;136;0.00;54986
RAND;8;100;1000000;136;136;0.00;54700
RAND;8;100;1000000;136;136;0.00;55246
RAND;8;100;1000000;136;136;0.00;55130
RAND;8;100;1000000;136;136;0.00;54668
RAND;8;100;1000000;136;136;0.00;55076
RAND;8;100;1000000;136;136;0.00;54431
RAND;8;100;1000000;136;136;0.00;54713
RAND;8;100;1000000;136;136;0.00;54654
RAND;8;100;1000000;136;136;0.00;54861
RAND;8;100;1000000;136;136;0.00;55175
RAND;8;100;1000000;136;136;0.00;55033
RAND;8;100;1000000;136;136;0.00;54858
RAND;8;100;1000000;136;136;0.00;54779
RAND;8;100;1000000;136;136;0.00;54422
RAND;8;100;1000000;136;136;0.00;55204
RAND;8;100;1000000;136;136;0.00;55120
RAND;8;100;1000000;136;136;0.00;54821
RAND;8;100;1000000;136;136;0.00;55271
RAND;8;100;1000000;136;136;0.00;54421
RAND;8;100;1000000;136;136;0.00;55002
RAND;8;100;1000000;136;136;0.00;55556
RAND;8;100;1000000;136;136;0.00;55127
RAND;8;100;1000000;136;136;0.00;54328
RAND;8;100;1000000;136;136;0.00;55043
RAND;8;100;1000000;136;136;0.00;54692
RAND;8;100;1000000;136;136;0.00;54970
RAND;8;100;1000000;136;136;0.00;54762
RAND;8;100;1000000;136;136;0.00;54698
RAND;8;100;1000000;136;136;0.00;54932
RAND;8;100;1000000;136;136;0.00;54892
RAND;8;100;1000000;136;136;0.00;55427
RAND;8;100;1000000;136;136;0.00;55116
RAND;8;100;1000000;136;136;0.00;55174
RAND;8;100;1000000;136;136;0.00;54559
RAND;8;100;1000000;136;136;0.00;55009
RAND;8;100;1000000;136;136;0.00;54757
RAND;8;100;1000000;136;136;0.00;54948
RAND;8;100;1000000;136;136;0.00;54569
RAND;8;100;1000000;136;136;0.00;55264
RAND;8;100;1000000;136;136;0.00;54470
RAND;8;100;1000000;136;136;0.00;54334
RAND;8;100;1000000;136;136;0.00;54682
RAND;8;100;1000000;136;136;0.00;54364
RAND;8;100;1000000;136;136;0.00;54760
RAND;8;100;1000000;136;136;0.00;54757
RAND;9;100;1000000;107;107;0.00;101071
RAND;9;100;1000000;107;107;0.00;100812
RAND;9;100;1000000;107;107;0.00;90910
RAND;9;100;1000000;107;107;0.00;63382
RAND;9;100;1000000;107;107;0.00;62841
RAND;9;100;1000000;107;107;0.00;62287
RAND;9;100;1000000;107;107;0.00;63917
RAND;9;100;1000000;107;107;0.00;63269
RAND;9;100;1000000;107;107;0.00;63097
RAND;9;100;1000000;107;107;0.00;63022
RAND;9;100;1000000;107;107;0.00;63014
RAND;9;100;1000000;107;107;0.00;62345
RAND;9;100;1000000;107;107;0.00;62689
RAND;9;100;1000000;107;107;0.00;62865
RAND;9;100;1000000;107;107;0.00;62487
RAND;9;100;1000000;107;107;0.00;62261
RAND;9;100;1000000;107;107;0.00;63198
RAND;9;100;1000000;107;107;0.00;63831
RAND;9;100;1000000;107;107;0.00;63027
RAND;9;100;1000000;107;107;0.00;63049
RAND;9;100;1000000;107;107;0.00;63016
RAND;9;100;1000000;107;107;0.00;62637
RAND;9;100;1000000;107;107;0.00;62502
RAND;9;100;1000000;107;107;0.00;62251
RAND;9;100;1000000;107;107;0.00;62663
RAND;9;100;1000000;107;107;0.00;62179
RAND;9;100;1000000;107;107;0.00;62894
RAND;9;100;1000000;107;107;0.00;63488
RAND;9;100;1000000;107;107;0.00;63050
RAND;9;100;1000000;107;107;0.00;62599
RAND;9;100;1000000;107;107;0.00;63402
RAND;9;100;1000000;107;107;0.00;63002
RAND;9;100;1000000;107;107;0.00;62318
RAND;9;100;1000000;107;107;0.00;62505
RAND;9;100;1000000;107;107;0.00;62564
RAND;9;100;1000000;107;107;0.00;63730
RAND;9;100;1000000;107;107;0.00;63249
RAND;9;100;1000000;107;107;0.00;62355
RAND;9;100;1000000;107;107;0.00;62199
RAND;9;100;1000000;107;107;0.00;62469
RAND;9;100;1000000;107;107;0.00;62593
RAND;9;100;1000000;107;107;0.00;62406
RAND;9;100;1000000;107;107;0.00;62645
RAND;9;100;1000000;107;107;0.00;62419
RAND;9;100;1000000;107;107;0.00;62503
RAND;9;100;1000000;107;107;0.00;62277
RAND;9;100;1000000;107;107;0.00;63473
RAND;9;100;1000000;107;107;0.00;62406
RAND;9;100;1000000;107;107;0.00;63235
RAND;9;100;1000000;107;107;0.00;62648
RAND;9;100;1000000;107;107;0.00;62612
RAND;9;100;1000000;107;107;0.00;62838
RAND;9;100;1000000;107;107;0.00;62525
RAND;9;100;1000000;107;107;0.00;62312
RAND;9;100;1000000;107;107;0.00;62251
RAND;9;100;1000000;107;107;0.00;63604
RAND;9;100;1000000;107;107;0.00;63224
RAND;9;100;1000000;107;107;0.00;62628
RAND;9;100;1000000;107;107;0.00;62589
RAND;9;100;1000000;107;107;0.00;62489
RAND;9;100;1000000;107;107;0.00;62843
RAND;9;100;1000000;107;107;0.00;62586
RAND;9;100;1000000;107;107;0.00;62497
RAND;9;100;1000000;107;107;0.00;62954
RAND;9;100;1000000;107;107;0.00;62273
RAND;9;100;1000000;107;107;0.00;63725
RAND;9;100;1000000;107;107;0.00;62994
RAND;9;100;1000000;107;107;0.00;62527
RAND;9;100;1000000;107;107;0.00;62702
RAND;9;100;1000000;107;107;0.00;62503
RAND;9;100;1000000;107;107;0.00;62710
RAND;9;100;1000000;107;107;0.00;62609
RAND;9;100;1000000;107;107;0.00;62236
RAND;9;100;1000000;107;107;0.00;62299
RAND;9;100;1000000;107;107;0.00;63241
RAND;9;100;1000000;107;107;0.00;62593
RAND;9;100;1000000;107;107;0.00;62572
RAND;9;100;1000000;107;107;0.00;62278
RAND;9;100;1000000;107;107;0.00;63153
RAND;9;100;1000000;107;107;0.00;62708
RAND;9;100;1000000;107;107;0.00;63051
RAND;9;100;1000000;107;107;0.00;63308
RAND;9;100;1000000;107;107;0.00;63185
RAND;9;100;1000000;107;107;0.00;62970
RAND;9;100;1000000;107;107;0.00;63461
RAND;9;100;1000000;107;107;0.00;62409
RAND;9;100;1000000;107;107;0.00;62334
RAND;9;100;1000000;107;107;0.00;62239
RAND;9;100;1000000;107;107;0.00;62766
RAND;9;100;1000000;107;107;0.00;62647
RAND;9;100;1000000;107;107;0.00;62352
RAND;9;100;1000000;107;107;0.00;62332
RAND;9;100;1000000;107;107;0.00;62162
RAND;9;100;1000000;107;107;0.00;62928
RAND;9;100;1000000;107;107;0.00;63207
RAND;9;100;1000000;107;107;0.00;63001
RAND;9;100;1000000;107;107;0.00;62289
RAND;9;100;1000000;107;107;0.00;62327
RAND;9;100;1000000;107;107;0.00;62593
RAND;9;100;1000000;107;107;0.00;62407
RAND;10;100;1000000;145;145;0.00;109869
RAND;10;100;1000000;145;145;0.00;109842
RAND;10;100;1000000;145;145;0.00;87598
RAND;10;100;1000000;145;145;0.00;68460
RAND;10;100;1000000;150;145;3.45;67424
RAND;10;100;1000000;145;145;0.00;68101
RAND;10;100;1000000;145;145;0.00;68885
RAND;10;100;1000000;145;145;0.00;69448
RAND;10;100;1000000;145;145;0.00;68848
RAND;10;100;1000000;145;145;0.00;68892
RAND;10;100;1000000;145;145;0.00;68814
RAND;10;100;1000000;145;145;0.00;68307
RAND;10;100;1000000;145;145;0.00;68119
RAND;10;100;1000000;145;145;0.00;68537
RAND;10;100;1000000;145;145;0.00;68212
RAND;10;100;1000000;145;145;0.00;68216
RAND;10;100;1000000;145;145;0.00;68984
RAND;10;100;1000000;145;145;0.00;68592
RAND;10;100;1000000;145;145;0.00;68452
RAND;10;100;1000000;145;145;0.00;68608
RAND;10;100;1000000;145;145;0.00;68116
RAND;10;100;1000000;145;145;0.00;68402
RAND;10;100;1000000;145;145;0.00;67999
RAND;10;100;1000000;145;145;0.00;68068
RAND;10;100;1000000;145;145;0.00;70574
RAND;10;100;1000000;145;145;0.00;69766
RAND;10;100;1000000;145;145;0.00;69049
RAND;10;100;1000000;145;145;0.00;68384
RAND;10;100;1000000;145;145;0.00;68787
RAND;10;100;1000000;145;145;0.00;68059
RAND;10;100;1000000;145;145;0.00;68757
RAND;10;100;1000000;145;145;0.00;68225
RAND;10;100;1000000;145;145;0.00;68197
RAND;10;100;1000000;145;145;0.00;69415
RAND;10;100;1000000;145;145;0.00;69799
RAND;10;100;1000000;145;145;0.00;69042
RAND;10;100;1000000;145;145;0.00;69515
RAND;10;100;1000000;145;145;0.00;68144
RAND;10;100;1000000;145;145;0.00;68289
RAND;10;100;1000000;145;145;0.00;68538
RAND;10;100;1000000;145;145;0.00;68874
RAND;10;100;1000000;145;145;0.00;68254
RAND;10;100;1000000;145;145;0.00;69249
RAND;10;100;1000000;145;145;0.00;68805
RAND;10;100;1000000;145;145;0.00;68220
RAND;10;100;1000000;145;145;0.00;68535
RAND;10;100;1000000;145;145;0.00;68022
RAND;10;100;1000000;145;145;0.00;68242
RAND;10;100;1000000;145;145;0.00;67749
RAND;10;100;1000000;145;145;0.00;68275
RAND;10;100;1000000;145;145;0.00;68271
RAND;10;100;1000000;145;145;0.00;69605
RAND;10;100;1000000;145;145;0.00;68711
RAND;10;100;1000000;145;145;0.00;68086
RAND;10;100;1000000;145;145;0.00;68633
RAND;10;100;1000000;145;145;0.00;67817
RAND;10;100;1000000;145;145;0.00;68263
RAND;10;100;1000000;145;145;0.00;68256
RAND;10;100;1000000;145;145;0.00;68142
RAND;10;100;1000000;145;145;0.00;70283
RAND;10;100;1000000;150;145;3.45;69095
RAND;10;100;1000000;155;145;6.90;69261
RAND;10;100;1000000;145;145;0.00;68322
RAND;10;100;1000000;145;145;0.00;67990
RAND;10;100;1000000;145;145;0.00;68116
RAND;10;100;1000000;145;145;0.00;68948
RAND;10;100;1000000;145;145;0.00;68363
RAND;10;100;1000000;150;145;3.45;68464
RAND;10;100;1000000;145;145;0.00;69954
RAND;10;100;1000000;145;145;0.00;69068
RAND;10;100;1000000;145;145;0.00;69194
RAND;10;100;1000000;145;145;0.00;68513
RAND;10;100;1000000;145;145;0.00;68541
RAND;10;100;1000000;145;145;0.00;68715
RAND;10;100;1000000;145;145;0.00;69053
RAND;10;100;1000000;145;145;0.00;68813
RAND;10;100;1000000;145;145;0.00;68856
RAND;10;100;1000000;145;145;0.00;69545
RAND;10;100;1000000;145;145;0.00;68273
RAND;10;100;1000000;145;145;0.00;68622
RAND;10;100;1000000;145;145;0.00;68927
RAND;10;100;1000000;145;145;0.00;68647
RAND;10;100;1000000;145;145;0.00;69669
RAND;10;100;1000000;145;145;0.00;68924
RAND;10;100;1000000;145;145;0.00;68244
RAND;10;100;1000000;145;145;0.00;69558
RAND;10;100;1000000;145;145;0.00;68470
RAND;10;100;1000000;145;145;0.00;68303
RAND;10;100;1000000;145;145;0.00;68232
RAND;10;100;1000000;145;145;0.00;68562
RAND;10;100;1000000;145;145;0.00;68799
RAND;10;100;1000000;150;145;3.45;68145
RAND;10;100;1000000;145;145;0.00;68548
RAND;10;100;1000000;145;145;0.00;68592
RAND;10;100;1000000;150;145;3.45;71126
RAND;10;100;1000000;145;145;0.00;69421
RAND;10;100;1000000;145;145;0.00;68895
RAND;10;100;1000000;155;145;6.90;69034
RAND;10;100;1000000;145;145;0.00;69064
RAND;10;100;1000000;155;145;6.90;68597
RAND;11;100;1000000;153;149;2.68;125760
RAND;11;100;1000000;149;149;0.00;124501
RAND;11;100;1000000;185;149;24.16;86292
RAND;11;100;1000000;153;149;2.68;77475
RAND;11;100;1000000;149;149;0.00;76800
RAND;11;100;1000000;153;149;2.68;76926
RAND;11;100;1000000;172;149;15.44;78577
RAND;11;100;1000000;156;149;4.70;78406
RAND;11;100;1000000;164;149;10.07;77628
RAND;11;100;1000000;156;149;4.70;77704
RAND;11;100;1000000;153;149;2.68;77171
RAND;11;100;1000000;160;149;7.38;76916
RAND;11;100;1000000;164;149;10.07;77641
RAND;11;100;1000000;160;149;7.38;77144
RAND;11;100;1000000;156;149;4.70;78012
RAND;11;100;1000000;153;149;2.68;77119
RAND;11;100;1000000;164;149;10.07;77695
RAND;11;100;1000000;153;149;2.68;77998
RAND;11;100;1000000;164;149;10.07;76799
RAND;11;100;1000000;149;149;0.00;77010
RAND;11;100;1000000;172;149;15.44;77287
RAND;11;100;1000000;149;149;0.00;78205
RAND;11;100;1000000;160;149;7.38;77533
RAND;11;100;1000000;153;149;2.68;77265
RAND;11;100;1000000;149;149;0.00;77301
RAND;11;100;1000000;149;149;0.00;76923
RAND;11;100;1000000;153;149;2.68;77077
RAND;11;100;1000000;156;149;4.70;77080
RAND;11;100;1000000;153;149;2.68;76929
RAND;11;100;1000000;172;149;15.44;77888
RAND;11;100;1000000;164;149;10.07;77018
RAND;11;100;1000000;149;149;0.00;76763
RAND;11;100;1000000;153;149;2.68;76424
RAND;11;100;1000000;156;149;4.70;76762
RAND;11;100;1000000;156;149;4.70;77189
RAND;11;100;1000000;156;149;4.70;77150
RAND;11;100;1000000;160;149;7.38;76686
RAND;11;100;1000000;153;149;2.68;77742
RAND;11;100;1000000;149;149;0.00;76753
RAND;11;100;1000000;153;149;2.68;76924
RAND;11;100;1000000;149;149;0.00;77053
RAND;11;100;1000000;149;149;0.00;77443
RAND;11;100;1000000;149;149;0.00;76529
RAND;11;100;1000000;153;149;2.68;77023
RAND;11;100;1000000;153;149;2.68;77327
RAND;11;100;1000000;149;149;0.00;77516
RAND;11;100;1000000;153;149;2.68;77063
RAND;11;100;1000000;153;149;2.68;77694
RAND;11;100;1000000;172;149;15.44;77264
RAND;11;100;1000000;149;149;0.00;76609
RAND;11;100;1000000;160;149;7.38;77347
RAND;11;100;1000000;149;149;0.00;77494
RAND;11;100;1000000;156;149;4.70;76839
RAND;11;100;1000000;153;149;2.68;78302
RAND;11;100;1000000;153;149;2.68;77484
RAND;11;100;1000000;153;149;2.68;77218
RAND;11;100;1000000;149;149;0.00;76974
RAND;11;100;1000000;149;149;0.00;77146
RAND;11;100;1000000;153;149;2.68;77468
RAND;11;100;1000000;164;149;10.07;76930
RAND;11;100;1000000;164;149;10.07;78312
RAND;11;100;1000000;156;149;4.70;78921
RAND;11;100;1000000;164;149;10.07;77880
RAND;11;100;1000000;149;149;0.00;77395
RAND;11;100;1000000;149;149;0.00;77187
RAND;11;100;1000000;160;149;7.38;76821
RAND;11;100;1000000;153;149;2.68;77310
RAND;11;100;1000000;163;149;9.40;77536
RAND;11;100;1000000;176;149;18.12;77727
RAND;11;100;1000000;164;149;10.07;77041
RAND;11;100;1000000;153;149;2.68;76980
RAND;11;100;1000000;160;149;7.38;77485
RAND;11;100;1000000;156;149;4.70;77067
RAND;11;100;1000000;156;149;4.70;77520
RAND;11;100;1000000;156;149;4.70;78797
RAND;11;100;1000000;149;149;0.00;77329
RAND;11;100;1000000;149;149;0.00;77551
RAND;11;100;1000000;172;149;15.44;76748
RAND;11;100;1000000;153;149;2.68;77380
RAND;11;100;1000000;149;149;0.00;77251
RAND;11;100;1000000;153;149;2.68;77642
RAND;11;100;1000000;149;149;0.00;77335
RAND;11;100;1000000;160;149;7.38;77255
RAND;11;100;1000000;153;149;2.68;77365
RAND;11;100;1000000;149;149;0.00;77596
RAND;11;100;1000000;153;149;2.68;76487
RAND;11;100;1000000;172;149;15.44;77576
RAND;11;100;1000000;149;149;0.00;77454
RAND;11;100;1000000;163;149;9.40;76560
RAND;11;100;1000000;163;149;9.40;77028
RAND;11;100;1000000;160;149;7.38;77433
RAND;11;100;1000000;156;149;4.70;78086
RAND;11;100;1000000;153;149;2.68;78983
RAND;11;100;1000000;149;149;0.00;77740
RAND;11;100;1000000;172;149;15.44;76895
RAND;11;100;1000000;160;149;7.38;77214
RAND;11;100;1000000;153;149;2.68;76474
RAND;11;100;1000000;164;149;10.07;77059
RAND;11;100;1000000;178;149;19.46;77435
RAND;11;100;1000000;164;149;10.07;78261
RAND;12;100;1000000;214;194;10.31;135926
RAND;12;100;1000000;213;194;9.79;134809
RAND;12;100;1000000;209;194;7.73;86879
RAND;12;100;1000000;207;194;6.70;83979
RAND;12;100;1000000;198;194;2.06;83593
RAND;12;100;1000000;213;194;9.79;85408
RAND;12;100;1000000;204;194;5.15;83474
RAND;12;100;1000000;197;194;1.55;84006
RAND;12;100;1000000;219;194;12.89;83860
RAND;12;100;1000000;210;194;8.25;84270
RAND;12;100;1000000;198;194;2.06;84067
RAND;12;100;1000000;221;194;13.92;84020
RAND;12;100;1000000;222;194;14.43;83722
RAND;12;100;1000000;216;194;11.34;84732
RAND;12;100;1000000;207;194;6.70;83872
RAND;12;100;1000000;214;194;10.31;83571
RAND;12;100;1000000;213;194;9.79;83872
RAND;12;100;1000000;194;194;0.00;83647
RAND;12;100;1000000;202;194;4.12;83859
RAND;12;100;1000000;197;194;1.55;83851
RAND;12;100;1000000;198;194;2.06;86216
RAND;12;100;1000000;215;194;10.82;84444
RAND;12;100;1000000;202;194;4.12;83372
RAND;12;100;1000000;203;194;4.64;83728
RAND;12;100;1000000;228;194;17.53;83785
RAND;12;100;1000000;204;194;5.15;83936
RAND;12;100;1000000;213;194;9.79;83774
RAND;12;100;1000000;221;194;13.92;84951
RAND;12;100;1000000;201;194;3.61;86420
RAND;12;100;1000000;218;194;12.37;84807
RAND;12;100;1000000;208;194;7.22;83136
RAND;12;100;1000000;201;194;3.61;83687
RAND;12;100;1000000;208;194;7.22;83669
RAND;12;100;1000000;204;194;5.15;83794
RAND;12;100;1000000;205;194;5.67;84656
RAND;12;100;1000000;199;194;2.58;83566
RAND;12;100;1000000;204;194;5.15;83621
RAND;12;100;1000000;201;194;3.61;83654
RAND;12;100;1000000;215;194;10.82;83492
RAND;12;100;1000000;228;194;17.53;84031
RAND;12;100;1000000;197;194;1.55;84235
RAND;12;100;1000000;215;194;10.82;84394
RAND;12;100;1000000;216;194;11.34;83367
RAND;12;100;1000000;197;194;1.55;83588
RAND;12;100;1000000;223;194;14.95;84664
RAND;12;100;1000000;228;194;17.53;83041
RAND;12;100;1000000;215;194;10.82;83618
RAND;12;100;1000000;209;194;7.73;84078
RAND;12;100;1000000;229;194;18.04;84347
RAND;12;100;1000000;198;194;2.06;83684
RAND;12;100;1000000;209;194;7.73;83920
RAND;12;100;1000000;216;194;11.34;84396
RAND;12;100;1000000;210;194;8.25;84020
RAND;12;100;1000000;211;194;8.76;83387
RAND;12;100;1000000;206;194;6.19;83577
RAND;12;100;1000000;214;194;10.31;84140
RAND;12;100;1000000;229;194;18.04;84725
RAND;12;100;1000000;199;194;2.58;83769
RAND;12;100;1000000;231;194;19.07;83747
RAND;12;100;1000000;218;194;12.37;83914
RAND;12;100;1000000;204;194;5.15;83815
RAND;12;100;1000000;204;194;5.15;83532
RAND;12;100;1000000;228;194;17.53;84188
RAND;12;100;1000000;194;194;0.00;85181
RAND;12;100;1000000;203;194;4.64;83951
RAND;12;100;1000000;214;194;10.31;83514
RAND;12;100;1000000;204;194;5.15;83445
RAND;12;100;1000000;214;194;10.31;83570
RAND;12;100;1000000;194;194;0.00;83598
RAND;12;100;1000000;222;194;14.43;83805
RAND;12;100;1000000;194;194;0.00;84270
RAND;12;100;1000000;221;194;13.92;83375
RAND;12;100;1000000;204;194;5.15;83473
RAND;12;100;1000000;216;194;11.34;83624
RAND;12;100;1000000;198;194;2.06;83489
RAND;12;100;1000000;202;194;4.12;83912
RAND;12;100;1000000;215;194;10.82;84298
RAND;12;100;1000000;204;194;5.15;84535
RAND;12;100;1000000;203;194;4.64;83311
RAND;12;100;1000000;198;194;2.06;83658
RAND;12;100;1000000;199;194;2.58;85244
RAND;12;100;1000000;202;194;4.12;83593
RAND;12;100;1000000;202;194;4.12;84342
RAND;12;100;1000000;221;194;13.92;83794
RAND;12;100;1000000;229;194;18.04;85020
RAND;12;100;1000000;213;194;9.79;83327
RAND;12;100;1000000;209;194;7.73;84104
RAND;12;100;1000000;215;194;10.82;84672
RAND;12;100;1000000;205;194;5.67;84994
RAND;12;100;1000000;201;194;3.61;84098
RAND;12;100;1000000;213;194;9.79;83443
RAND;12;100;1000000;204;194;5.15;84736
RAND;12;100;1000000;221;194;13.92;84930
RAND;12;100;1000000;212;194;9.28;82995
RAND;12;100;1000000;205;194;5.67;83539
RAND;12;100;1000000;221;194;13.92;83788
RAND;12;100;1000000;208;194;7.22;83775
RAND;12;100;1000000;203;194;4.64;83579
RAND;12;100;1000000;205;194;5.67;84213
RAND;12;100;1000000;223;194;14.95;84045
RAND;13;100;1000000;269;222;21.17;148251
RAND;13;100;1000000;271;222;22.07;141144
RAND;13;100;1000000;258;222;16.22;91588
RAND;13;100;1000000;279;222;25.68;91416
RAND;13;100;1000000;270;222;21.62;91228
RAND;13;100;1000000;272;222;22.52;91923
RAND;13;100;1000000;280;222;26.13;91525
RAND;13;100;1000000;279;222;25.68;91925
RAND;13;100;1000000;284;222;27.93;91124
RAND;13;100;1000000;232;222;4.50;92820
RAND;13;100;1000000;273;222;22.97;91486
RAND;13;100;1000000;278;222;25.23;91957
RAND;13;100;1000000;268;222;20.72;93432
RAND;13;100;1000000;272;222;22.52;91163
RAND;13;100;1000000;291;222;31.08;91423
RAND;13;100;1000000;261;222;17.57;91079
RAND;13;100;1000000;254;222;14.41;91759
RAND;13;100;1000000;273;222;22.97;91078
RAND;13;100;1000000;259;222;16.67;92147
RAND;13;100;1000000;266;222;19.82;91403
RAND;13;100;1000000;263;222;18.47;91078
RAND;13;100;1000000;262;222;18.02;91215
RAND;13;100;1000000;262;222;18.02;91139
RAND;13;100;1000000;249;222;12.16;91192
RAND;13;100;1000000;271;222;22.07;91276
RAND;13;100;1000000;260;222;17.12;92883
RAND;13;100;1000000;267;222;20.27;91187
RAND;13;100;1000000;268;222;20.72;91554
RAND;13;100;1000000;267;222;20.27;91427
RAND;13;100;1000000;267;222;20.27;91233
RAND;13;100;1000000;258;222;16.22;91403
RAND;13;100;1000000;254;222;14.41;92460
RAND;13;100;1000000;255;222;14.86;91357
RAND;13;100;1000000;232;222;4.50;91070
RAND;13;100;1000000;263;222;18.47;91251
RAND;13;100;1000000;269;222;21.17;91214
RAND;13;100;1000000;265;222;19.37;91697
RAND;13;100;1000000;275;222;23.87;91545
RAND;13;100;1000000;245;222;10.36;92267
RAND;13;100;1000000;286;222;28.83;91296
RAND;13;100;1000000;270;222;21.62;90957
RAND;13;100;1000000;249;222;12.16;91673
RAND;13;100;1000000;294;222;32.43;91399
RAND;13;100;1000000;275;222;23.87;91226
RAND;13;100;1000000;261;222;17.57;92542
RAND;13;100;1000000;273;222;22.97;91132
RAND;13;100;1000000;283;222;27.48;91064
RAND;13;100;1000000;257;222;15.77;91833
RAND;13;100;1000000;252;222;13.51;91316
RAND;13;100;1000000;275;222;23.87;91571
RAND;13;100;1000000;278;222;25.23;91296
RAND;13;100;1000000;257;222;15.77;92607
RAND;13;100;1000000;282;222;27.03;92654
RAND;13;100;1000000;261;222;17.57;91872
RAND;13;100;1000000;281;222;26.58;91408
RAND;13;100;1000000;242;222;9.01;91203
RAND;13;100;1000000;275;222;23.87;91043
RAND;13;100;1000000;277;222;24.77;91706
RAND;13;100;1000000;281;222;26.58;91195
RAND;13;100;1000000;282;222;27.03;91195
RAND;13;100;1000000;272;222;22.52;91443
RAND;13;100;1000000;268;222;20.72;91361
RAND;13;100;1000000;270;222;21.62;91086
RAND;13;100;1000000;270;222;21.62;91175
RAND;13;100;1000000;251;222;13.06;92108
RAND;13;100;1000000;269;222;21.17;91276
RAND;13;100;1000000;266;222;19.82;91227
RAND;13;100;1000000;235;222;5.86;91337
RAND;13;100;1000000;269;222;21.17;91488
RAND;13;100;1000000;277;222;24.77;91894
RAND;13;100;1000000;266;222;19.82;93174
RAND;13;100;1000000;266;222;19.82;92820
RAND;13;100;1000000;252;222;13.51;92781
RAND;13;100;1000000;262;222;18.02;91646
RAND;13;100;1000000;263;222;18.47;91946
RAND;13;100;1000000;246;222;10.81;93039
RAND;13;100;1000000;237;222;6.76;92263
RAND;13;100;1000000;250;222;12.61;92556
RAND;13;100;1000000;283;222;27.48;91541
RAND;13;100;1000000;274;222;23.42;91695
RAND;13;100;1000000;290;222;30.63;91553
RAND;13;100;1000000;266;222;19.82;91756
RAND;13;100;1000000;274;222;23.42;92176
RAND;13;100;1000000;255;222;14.86;91628
RAND;13;100;1000000;275;222;23.87;92733
RAND;13;100;1000000;251;222;13.06;92467
RAND;13;100;1000000;288;222;29.73;91199
RAND;13;100;1000000;270;222;21.62;91642
RAND;13;100;1000000;269;222;21.17;91367
RAND;13;100;1000000;257;222;15.77;91391
RAND;13;100;1000000;260;222;17.12;92627
RAND;13;100;1000000;271;222;22.07;91765
RAND;13;100;1000000;269;222;21.17;91758
RAND;13;100;1000000;274;222;23.42;92464
RAND;13;100;1000000;242;222;9.01;91684
RAND;13;100;1000000;285;222;28.38;91552
RAND;13;100;1000000;268;222;20.72;91912
RAND;13;100;1000000;294;222;32.43;92855
RAND;13;100;1000000;262;222;18.02;91701
RAND;13;100;1000000;242;222;9.01;91270
RAND;14;100;1000000;297;184;61.41;158565
RAND;14;100;1000000;282;184;53.26;141213
RAND;14;100;1000000;282;184;53.26;97406
RAND;14;100;1000000;259;184;40.76;97318
RAND;14;100;1000000;254;184;38.04;97546
RAND;14;100;1000000;240;184;30.43;98057
RAND;14;100;1000000;255;184;38.59;97595
RAND;14;100;1000000;246;184;33.70;97827
RAND;14;100;1000000;284;184;54.35;96994
RAND;14;100;1000000;248;184;34.78;97138
RAND;14;100;1000000;263;184;42.93;97958
RAND;14;100;1000000;264;184;43.48;97960
RAND;14;100;1000000;247;184;34.24;97121
RAND;14;100;1000000;269;184;46.20;97671
RAND;14;100;1000000;286;184;55.43;97145
RAND;14;100;1000000;253;184;37.50;97200
RAND;14;100;1000000;272;184;47.83;97489
RAND;14;100;1000000;257;184;39.67;98153
RAND;14;100;1000000;277;184;50.54;97079
RAND;14;100;1000000;264;184;43.48;97073
RAND;14;100;1000000;239;184;29.89;97929
RAND;14;100;1000000;266;184;44.57;97161
RAND;14;100;1000000;254;184;38.04;97499
RAND;14;100;1000000;292;184;58.70;98463
RAND;14;100;1000000;240;184;30.43;97391
RAND;14;100;1000000;276;184;50.00;97190
RAND;14;100;1000000;242;184;31.52;97018
RAND;14;100;1000000;246;184;33.70;97341
RAND;14;100;1000000;262;184;42.39;96800
RAND;14;100;1000000;296;184;60.87;102653
RAND;14;100;1000000;255;184;38.59;96176
RAND;14;100;1000000;279;184;51.63;97464
RAND;14;100;1000000;239;184;29.89;97114
RAND;14;100;1000000;262;184;42.39;97095
RAND;14;100;1000000;249;184;35.33;96643
RAND;14;100;1000000;266;184;44.57;98037
RAND;14;100;1000000;275;184;49.46;97082
RAND;14;100;1000000;251;184;36.41;97426
RAND;14;100;1000000;260;184;41.30;96820
RAND;14;100;1000000;276;184;50.00;96738
RAND;14;100;1000000;238;184;29.35;98724
RAND;14;100;1000000;276;184;50.00;96566
RAND;14;100;1000000;247;184;34.24;97520
RAND;14;100;1000000;234;184;27.17;96829
RAND;14;100;1000000;249;184;35.33;97056
RAND;14;100;1000000;258;184;40.22;97702
RAND;14;100;1000000;255;184;38.59;96968
RAND;14;100;1000000;216;184;17.39;97030
RAND;14;100;1000000;251;184;36.41;98902
RAND;14;100;1000000;214;184;16.30;97193
RAND;14;100;1000000;269;184;46.20;97311
RAND;14;100;1000000;267;184;45.11;97721
RAND;14;100;1000000;257;184;39.67;98151
RAND;14;100;1000000;210;184;14.13;97061
RAND;14;100;1000000;265;184;44.02;97610
RAND;14;100;1000000;278;184;51.09;97120
RAND;14;100;1000000;289;184;57.07;97069
RAND;14;100;1000000;286;184;55.43;96531
RAND;14;100;1000000;255;184;38.59;97298
RAND;14;100;1000000;243;184;32.07;96794
RAND;14;100;1000000;255;184;38.59;98236
RAND;14;100;1000000;269;184;46.20;97234
RAND;14;100;1000000;285;184;54.89;97511
RAND;14;100;1000000;300;184;63.04;97050
RAND;14;100;1000000;257;184;39.67;97238
RAND;14;100;1000000;266;184;44.57;97486
RAND;14;100;1000000;249;184;35.33;98240
RAND;14;100;1000000;274;184;48.91;97407
RAND;14;100;1000000;276;184;50.00;97255
RAND;14;100;1000000;260;184;41.30;97292
RAND;14;100;1000000;267;184;45.11;97060
RAND;14;100;1000000;287;184;55.98;99011
RAND;14;100;1000000;253;184;37.50;98851
RAND;14;100;1000000;280;184;52.17;97183
RAND;14;100;1000000;271;184;47.28;96801
RAND;14;100;1000000;276;184;50.00;97124
RAND;14;100;1000000;262;184;42.39;96813
RAND;14;100;1000000;263;184;42.93;96950
RAND;14;100;1000000;274;184;48.91;97269
RAND;14;100;1000000;242;184;31.52;97724
RAND;14;100;1000000;269;184;46.20;97200
RAND;14;100;1000000;266;184;44.57;97424
RAND;14;100;1000000;279;184;51.63;97240
RAND;14;100;1000000;287;184;55.98;96905
RAND;14;100;1000000;251;184;36.41;97047
RAND;14;100;1000000;265;184;44.02;98935
RAND;14;100;1000000;269;184;46.20;96849
RAND;14;100;1000000;261;184;41.85;97116
RAND;14;100;1000000;268;184;45.65;97151
RAND;14;100;1000000;261;184;41.85;96958
RAND;14;100;1000000;261;184;41.85;97147
RAND;14;100;1000000;266;184;44.57;98338
RAND;14;100;1000000;248;184;34.78;97668
RAND;14;100;1000000;261;184;41.85;96987
RAND;14;100;1000000;278;184;51.09;97244
RAND;14;100;1000000;287;184;55.98;97268
RAND;14;100;1000000;247;184;34.24;96892
RAND;14;100;1000000;262;184;42.39;97930
RAND;14;100;1000000;286;184;55.43;96690
RAND;14;100;1000000;275;184;49.46;97036
RAND;15;100;1000000;213;116;83.62;170135
RAND;15;100;1000000;180;116;55.17;146127
RAND;15;100;1000000;218;116;87.93;105450
RAND;15;100;1000000;215;116;85.34;107519
RAND;15;100;1000000;210;116;81.03;105827
RAND;15;100;1000000;232;116;100.00;104288
RAND;15;100;1000000;212;116;82.76;104376
RAND;15;100;1000000;245;116;111.21;104526
RAND;15;100;1000000;216;116;86.21;104446
RAND;15;100;1000000;262;116;125.86;104899
RAND;15;100;1000000;261;116;125.00;105362
RAND;15;100;1000000;211;116;81.90;105041
RAND;15;100;1000000;243;116;109.48;104349
RAND;15;100;1000000;230;116;98.28;104056
RAND;15;100;1000000;246;116;112.07;104216
RAND;15;100;1000000;218;116;87.93;104134
RAND;15;100;1000000;227;116;95.69;104987
RAND;15;100;1000000;228;116;96.55;104199
RAND;15;100;1000000;223;116;92.24;104520
RAND;15;100;1000000;201;116;73.28;104384
RAND;15;100;1000000;260;116;124.14;104155
RAND;15;100;1000000;237;116;104.31;105354
RAND;15;100;1000000;211;116;81.90;104448
RAND;15;100;1000000;254;116;118.97;104287
RAND;15;100;1000000;256;116;120.69;104317
RAND;15;100;1000000;238;116;105.17;104011
RAND;15;100;1000000;242;116;108.62;104801
RAND;15;100;1000000;270;116;132.76;105111
RAND;15;100;1000000;243;116;109.48;104210
RAND;15;100;1000000;226;116;94.83;104566
RAND;15;100;1000000;263;116;126.72;104271
RAND;15;100;1000000;234;116;101.72;104798
RAND;15;100;1000000;231;116;99.14;104403
RAND;15;100;1000000;221;116;90.52;105047
RAND;15;100;1000000;236;116;103.45;104352
RAND;15;100;1000000;233;116;100.86;104282
RAND;15;100;1000000;226;116;94.83;105041
RAND;15;100;1000000;251;116;116.38;106221
RAND;15;100;1000000;261;116;125.00;107689
RAND;15;100;1000000;226;116;94.83;106479
RAND;15;100;1000000;239;116;106.03;106152
RAND;15;100;1000000;244;116;110.34;106413
RAND;15;100;1000000;234;116;101.72;106212
RAND;15;100;1000000;229;116;97.41;106118
RAND;15;100;1000000;249;116;114.66;106347
RAND;15;100;1000000;190;116;63.79;106129
RAND;15;100;1000000;242;116;108.62;106106
RAND;15;100;1000000;240;116;106.90;106152
RAND;15;100;1000000;212;116;82.76;106275
RAND;15;100;1000000;188;116;62.07;106235
RAND;15;100;1000000;203;116;75.00;106288
RAND;15;100;1000000;215;116;85.34;106031
RAND;15;100;1000000;262;116;125.86;106015
RAND;15;100;1000000;211;116;81.90;106048
RAND;15;100;1000000;239;116;106.03;106014
RAND;15;100;1000000;223;116;92.24;106067
RAND;15;100;1000000;228;116;96.55;106070
RAND;15;100;1000000;204;116;75.86;105982
RAND;15;100;1000000;216;116;86.21;106002
RAND;15;100;1000000;245;116;111.21;106031
RAND;15;100;1000000;206;116;77.59;106151
RAND;15;100;1000000;216;116;86.21;106405
RAND;15;100;1000000;197;116;69.83;106048
RAND;15;100;1000000;236;116;103.45;106130
RAND;15;100;1000000;244;116;110.34;106156
RAND;15;100;1000000;200;116;72.41;106050
RAND;15;100;1000000;262;116;125.86;106087
RAND;15;100;1000000;252;116;117.24;106577
RAND;15;100;1000000;227;116;95.69;106151
RAND;15;100;1000000;245;116;111.21;105994
RAND;15;100;1000000;267;116;130.17;106029
RAND;15;100;1000000;211;116;81.90;106012
RAND;15;100;1000000;250;116;115.52;106078
RAND;15;100;1000000;206;116;77.59;105998
RAND;15;100;1000000;232;116;100.00;105966
RAND;15;100;1000000;239;116;106.03;105992
RAND;15;100;1000000;254;116;118.97;106164
RAND;15;100;1000000;205;116;76.72;108752
RAND;15;100;1000000;235;116;102.59;108670
RAND;15;100;1000000;250;116;115.52;108687
RAND;15;100;1000000;245;116;111.21;106200
RAND;15;100;1000000;227;116;95.69;109381
RAND;15;100;1000000;240;116;106.90;106440
RAND;15;100;1000000;187;116;61.21;105990
RAND;15;100;1000000;264;116;127.59;106166
RAND;15;100;1000000;246;116;112.07;106042
RAND;15;100;1000000;216;116;86.21;105961
RAND;15;100;1000000;243;116;109.48;105963
RAND;15;100;1000000;251;116;116.38;106046
RAND;15;100;1000000;228;116;96.55;106418
RAND;15;100;1000000;241;116;107.76;106032
RAND;15;100;1000000;250;116;115.52;105824
RAND;15;100;1000000;254;116;118.97;106377
RAND;15;100;1000000;241;116;107.76;106021
RAND;15;100;1000000;238;116;105.17;106004
RAND;15;100;1000000;265;116;128.45;106202
RAND;15;100;1000000;272;116;134.48;105999
RAND;15;100;1000000;250;116;115.52;105968
RAND;15;100;1000000;228;116;96.55;106010
RAND;15;100;1000000;207;116;78.45;105993
